Type,Category,Sub Category,Colour 1,Colour 2,Colour 3
Men,hoodies-sweatshirts,Loose Fit Washed Hoodie,Beige,Black,Beige
Men,hoodies-sweatshirts,Loose Fit Washed Hoodie,Black,Beige,Gray
Men,hoodies-sweatshirts,Loose Fit Washed Hoodie,Black,Beige,Black
Men,hoodies-sweatshirts,Loose Fit Hoodie,Beige,White,Gray
Men,hoodies-sweatshirts,Loose Fit Sweatshirt,Beige,Gray,Beige
Men,hoodies-sweatshirts,Loose Fit Hooded Jacket,Gray,Gray,Navy
Men,hoodies-sweatshirts,Loose Fit Hoodie,Gray,Beige,Beige
Men,hoodies-sweatshirts,Loose Fit Hoodie,Beige,Black,White
Men,hoodies-sweatshirts,Regular Fit Half-Zip Sweatshirt,Navy,White,Gray
Men,hoodies-sweatshirts,Loose Fit Hoodie,Black,Beige,Gray
Men,hoodies-sweatshirts,Loose Fit Sweatshirt,Black,Beige,Black
Men,hoodies-sweatshirts,Loose Fit Sweatshirt,Navy,Gray,Navy
Men,hoodies-sweatshirts,Loose Fit Sweatshirt,Gray,Beige,Black
Men,hoodies-sweatshirts,Loose Fit Sweatshirt,Navy,Gray,Gray
Men,hoodies-sweatshirts,Loose Fit Hoodie,White,Beige,Navy
Men,hoodies-sweatshirts,Oversized-Fit Hooded Jacket,White,Navy,Navy
Men,hoodies-sweatshirts,Loose Fit Sweatshirt,Navy,White,Navy
Men,hoodies-sweatshirts,Oversized-Fit Hooded Jacket,Navy,Navy,Gray
Men,hoodies-sweatshirts,Loose Fit Hoodie,Black,White,Navy
Men,hoodies-sweatshirts,Oversized-Fit Hooded Jacket,Black,Black,Black
Men,hoodies-sweatshirts,Loose Fit Hoodie,Beige,Black,Gray
Men,hoodies-sweatshirts,Loose Fit Hoodie,Navy,White,Beige
Men,hoodies-sweatshirts,Loose Fit Sweatshirt,Beige,Gray,Black
Men,hoodies-sweatshirts,Loose Fit Sweatshirt,Navy,Gray,Navy
Men,hoodies-sweatshirts,Loose Fit Hoodie,Navy,Black,Beige
Men,hoodies-sweatshirts,Loose Fit Hooded Jacket,White,Navy,White
Men,hoodies-sweatshirts,Regular Fit Hooded Jacket,Navy,White,Black
Men,hoodies-sweatshirts,Loose Fit Hooded Jacket,Black,White,White
Men,hoodies-sweatshirts,Regular Fit Hooded Jacket,White,White,White
Men,hoodies-sweatshirts,Loose Fit Sweatshirt,Gray,White,Beige
Men,hoodies-sweatshirts,Loose Fit Hoodie,Gray,White,White
Men,hoodies-sweatshirts,Loose Fit Hoodie,Gray,Gray,White
Men,hoodies-sweatshirts,Loose-Fit Printed Sweatshirt,White,Navy,Beige
Men,hoodies-sweatshirts,Loose Fit Hoodie,Beige,Black,Navy
Men,hoodies-sweatshirts,Loose Fit Sweatshirt,White,Beige,White
Men,hoodies-sweatshirts,Regular Fit Hooded Jacket,Beige,Black,Navy
Men,pants,Slim-Fit Cotton Chinos,White,Gray,Gray
Men,pants,Slim-Fit Cotton Chinos,Gray,Navy,Gray
Men,pants,Slim-Fit Cotton Chinos,Navy,Black,Beige
Men,pants,Slim-Fit Cotton Chinos,Navy,Beige,Gray
Men,pants,Slim Fit Cotton Chinos,White,Beige,Navy
Men,pants,Slim Fit Cotton Chinos,Gray,Black,Beige
Men,pants,Slim-Fit Cotton Chinos,White,Beige,White
Men,pants,Relaxed-Fit Pants,Black,White,Gray
Men,pants,Relaxed-Fit Pants,Beige,White,Black
Men,pants,Relaxed-Fit Pants,Navy,White,Black
Men,pants,Relaxed Fit Jersey trousers,Beige,Navy,White
Men,pants,Relaxed Fit Jersey trousers,Black,White,Navy
Men,pants,Regular-Fit Linen-Blend Pants,White,Gray,Black
Men,pants,Regular-Fit Linen-Blend Pants,Black,Black,Black
Men,pants,Regular-Fit Linen Pants,Black,Navy,Gray
Men,pants,Regular Fit Sweatpants,Navy,Gray,Black
Men,pants,Bootcut Wool-Blend Pants,Gray,Gray,Beige
Men,pants,5-Pocket Textured-Weave Pants,Black,Beige,Gray
Men,pants,5-Pocket Carpenter Pants,White,Black,White
Men,pants,5-pocket leather trousers,Beige,Beige,Gray
Men,pants,Regular Fit Sweatpants,Beige,Gray,Beige
Men,pants,Slim-Fit Suit Pants,White,Navy,Navy
Men,pants,Slim-Fit Cargo Pants,Gray,Gray,White
Men,pants,Relaxed Fit Cargo Pants,Gray,Navy,Black
Men,pants,Slim-Fit Sports Joggers with DryMove™,Gray,Beige,White
Men,pants,Wool-Blend Suit Pants,Navy,Beige,Beige
Men,pants,Slim-Fit Tailored Pants,Beige,Navy,Gray
Men,pants,Regular Fit Sports Cargo Joggers,Beige,Navy,Beige
Men,pants,Loose Fit Parachute Cargo Pants,Beige,Gray,Beige
Men,pants,Slim Fit Cotton Twill Pants,Black,Black,Navy
Men,pants,Regular-Fit Cotton Cargo Joggers with DryMove™,Beige,White,Beige
Men,pants,Regular-Fit Linen-Blend Pants,White,Gray,Gray
Men,pants,Relaxed-Fit Tailored Linen-Blend Pants,Navy,Gray,Navy
Men,pants,Slim-Fit Cotton Chinos,Navy,Navy,Black
Men,pants,Relaxed-Fit Tailored Linen-Blend Pants,Gray,Black,Black
Men,pants,Relaxed-Fit Cargo Pants,White,Beige,Navy
Men,jeans,Fairfax Baggy Jeans,White,White,Beige
Men,jeans,Super Baggy Jeans,Black,Beige,Black
Men,jeans,Slim Jeans,Gray,White,Navy
Men,jeans,Fairfax Baggy Jeans,Navy,Gray,Black
Men,jeans,Fairfax Baggy Jeans,Gray,Gray,Gray
Men,jeans,Collins Super Baggy Jeans,Gray,White,Gray
Men,jeans,Houston Loose Jeans,White,Beige,Navy
Men,jeans,Baggy Jeans,Beige,Beige,Black
Men,jeans,Loose Cargo Jeans,White,Gray,White
Men,jeans,Loose Jeans,Gray,White,White
Men,jeans,Fairfax Baggy Jeans,Black,Navy,Beige
Men,jeans,Loose Twisted Jeans,Gray,White,Navy
Men,jeans,Baggy Jeans,Gray,Black,Navy
Men,jeans,Collins Super Baggy Jeans,Navy,Gray,White
Men,jeans,Collins Super Baggy Jeans,Beige,White,Black
Men,jeans,Houston Loose Jeans,Gray,White,Navy
Men,jeans,Houston Loose Jeans,Black,White,Navy
Men,jeans,Super Baggy Jeans,Navy,Navy,White
Men,jeans,Straight Regular Jeans,White,Navy,Gray
Men,jeans,Loose Cargo Jeans,Gray,Beige,Black
Men,jeans,Collins Super Baggy Jeans,Black,White,Gray
Men,jeans,Fairfax Baggy Jeans,Gray,White,White
Men,jeans,Super Baggy Jeans,Black,White,Navy
Men,jeans,Loose Cargo Jeans,Navy,Navy,White
Men,jeans,Relaxed Jeans,Gray,Gray,White
Men,jeans,Baggy Jeans,Beige,Beige,Gray
Men,jeans,Relaxed Jeans,Navy,White,Black
Men,jeans,Loose Straight High Jeans,Navy,Navy,Gray
Men,jeans,Super Baggy Jeans,Navy,Gray,Gray
Men,jeans,Fairfax Baggy Jeans,Black,Navy,Gray
Men,jeans,Loose Jeans,Black,Navy,Navy
Men,jeans,Patterned Baggy Jeans,Gray,Beige,Navy
Men,jeans,Relaxed Fit Jeans,Navy,Black,Black
Men,jeans,Loose Straight High Jeans,Black,White,White
Men,jeans,Loose Cargo Jeans,Beige,Gray,Gray
Men,jeans,Patterned Baggy Jeans,White,Black,Black
Men,jackets-coats,Regular-Fit Jersey Jacket,Gray,Beige,Navy
Men,jackets-coats,Denim Jacket,Gray,Beige,Beige
Men,jackets-coats,Regular-Fit Lightweight Bomber Jacket,White,White,Navy
Men,jackets-coats,Cotton Raincoat,Black,Beige,Gray
Men,jackets-coats,Leather Biker Jacket,Navy,Beige,Gray
Men,jackets-coats,Regular Fit Denim Jacket,Beige,Beige,Navy
Men,jackets-coats,Regular Fit Napped Jacket,Gray,Black,White
Men,jackets-coats,Slim-Fit Lightweight Puffer Jacket,Black,Gray,Black
Men,jackets-coats,Slim Fit Water-repellent puffer gilet,White,Navy,Navy
Men,jackets-coats,Regular Fit Jacket,Beige,Black,Beige
Men,jackets-coats,Short Textured-Weave Jacket,Beige,Black,Beige
Men,jackets-coats,Regular Fit Tweed overshirt,Beige,Gray,White
Men,jackets-coats,Wool-Blend Topcoat,Navy,White,Gray
Men,jackets-coats,Slim Fit Lightweight Puffer Jacket,Beige,Black,Black
Men,jackets-coats,Regular-Fit Twill Overshirt,Beige,Gray,Black
Men,jackets-coats,Regular Fit Twill Jacket,Gray,White,White
Men,jackets-coats,Regular Fit Denim Jacket,White,Beige,Beige
Men,jackets-coats,Regular-Fit Twill Overshirt,Gray,Beige,Gray
Men,jackets-coats,Regular Fit Wool-Blend Shacket,Navy,Beige,Gray
Men,jackets-coats,Regular-Fit Lightweight Bomber Jacket,Navy,Navy,Gray
Men,jackets-coats,Regular Fit Denim Jacket,Navy,Black,Gray
Men,jackets-coats,Regular-Fit Linen-Blend Overshirt,White,Navy,Gray
Men,jackets-coats,Regular-Fit Linen-Blend Overshirt,Navy,White,Navy
Men,jackets-coats,Regular Fit Jacket,Beige,Gray,Beige
Men,jackets-coats,Regular Fit Canvas Overshirt,Beige,Black,Black
Men,jackets-coats,Regular Fit Felted Overshirt,White,White,Black
Men,jackets-coats,Regular Fit Felted Overshirt,Beige,Black,Navy
Men,jackets-coats,Regular Fit Twill Jacket,Gray,Black,Black
Men,jackets-coats,Regular Fit Overshirt,Black,Navy,Navy
Men,jackets-coats,Regular Fit Wool-Blend Shacket,Gray,Navy,Beige
Men,jackets-coats,Regular-Fit Trench Coat,Beige,Navy,Navy
Men,jackets-coats,Regular Fit Wool-Blend Shacket,Black,Navy,White
Men,jackets-coats,Regular Fit Windbreaker,Black,White,Beige
Men,jackets-coats,Regular-Fit Shacket,Black,Beige,Black
Men,jackets-coats,Regular-Fit Utility Overshirt,Gray,Beige,Beige
Men,jackets-coats,Regular-Fit Lightweight Bomber Jacket,Black,Navy,White
Men,shirts,Regular Fit Oxford Shirt,Black,White,Navy
Men,shirts,Regular Fit Oxford Shirt,Navy,Beige,White
Men,shirts,Regular Fit Oxford Shirt,Gray,Gray,Black
Men,shirts,Regular Fit Oxford Shirt,Gray,White,Beige
Men,shirts,Regular Fit Oxford Shirt,Black,Beige,White
Men,shirts,Regular Fit Oxford Shirt,Beige,Gray,Navy
Men,shirts,Regular Fit Oxford Shirt,Black,Black,Navy
Men,shirts,Loose-Fit Jersey Resort Shirt,White,Beige,Navy
Men,shirts,Regular-Fit Utility Shirt,Black,Navy,Gray
Men,shirts,Regular-Fit Utility Shirt,Gray,Beige,White
Men,shirts,Loose-Fit Jersey Resort Shirt,Navy,Black,White
Men,shirts,Loose-Fit Shirt,Beige,Black,Navy
Men,shirts,Loose-Fit Shirt,Navy,Beige,Navy
Men,shirts,Loose-Fit Shirt,Beige,Gray,Black
Men,shirts,Regular-Fit Textured Resort Shirt,Navy,White,Beige
Men,shirts,Pima Cotton Resort Shirt,Navy,Navy,Navy
Men,shirts,Pima Cotton Shirt with Box Pleats,Navy,Black,Navy
Men,shirts,Linen-Blend Shirt,Beige,Beige,Navy
Men,shirts,Pima Cotton Resort Shirt,Gray,Beige,White
Men,shirts,Slim Fit Easy-iron Shirt,Beige,Black,Beige
Men,shirts,Regular-Fit Short-Sleeved Linen-Blend Shirt,White,Beige,Navy
Men,shirts,Regular-Fit Short-Sleeved Linen-Blend Shirt,Navy,Black,Navy
Men,shirts,Relaxed Fit Short-sleeved Shirt,Gray,Navy,Beige
Men,shirts,Relaxed Fit Linen Resort Shirt,White,Black,Beige
Men,shirts,Slim Fit Grandad shirt,Black,Beige,Gray
Men,shirts,Regular Fit Textured Shirt,Navy,Gray,Navy
Men,shirts,Muscle Fit Cotton Shirt,Beige,Navy,Gray
Men,shirts,Regular-Fit Textured Resort Shirt,Beige,Black,Black
Men,shirts,Regular-Fit Short-Sleeved Linen-Blend Shirt,Navy,Navy,Beige
Men,shirts,Regular-Fit Resort Shirt,Navy,Beige,White
Men,shirts,Regular-Fit Short-Sleeved Linen-Blend Shirt,Navy,White,White
Men,shirts,Regular-Fit Textured Resort Shirt,White,Gray,Black
Men,shirts,Slim Fit Linen Shirt,Black,Gray,Gray
Men,shirts,Slim Fit Linen Shirt,Black,Gray,Navy
Men,shirts,Regular Fit Short-sleeved Jersey Shirt,White,Black,Black
Men,shirts,Regular-Fit Linen Shirt,Gray,Beige,Gray
Men,t-shirts-tank-tops,Regular-Fit Polo Shirt,Beige,White,Black
Men,t-shirts-tank-tops,Regular-Fit Polo Shirt,White,Beige,Gray
Men,t-shirts-tank-tops,Regular-Fit Cable-Knit Polo Shirt,Navy,Gray,Beige
Men,t-shirts-tank-tops,Regular-Fit Polo Shirt,Black,Navy,Gray
Men,t-shirts-tank-tops,Regular-Fit Cable-Knit Polo Shirt,Gray,White,White
Men,t-shirts-tank-tops,Loose-Fit Boxy T-Shirt,Gray,White,White
Men,t-shirts-tank-tops,Slim-Fit Ribbed Tank Top,Gray,Beige,Navy
Men,t-shirts-tank-tops,Slim-Fit Ribbed Tank Top,Beige,Gray,White
Men,t-shirts-tank-tops,Slim-Fit Ribbed Tank Top,Gray,Gray,White
Men,t-shirts-tank-tops,Loose-Fit Boxy T-Shirt,Navy,White,Black
Men,t-shirts-tank-tops,Loose-Fit Boxy T-Shirt,White,Navy,Beige
Men,t-shirts-tank-tops,Loose-Fit Long-Sleeved Jersey Shirt,Gray,Gray,Black
Men,t-shirts-tank-tops,Slim Fit Polo Shirt,Beige,Navy,Navy
Men,t-shirts-tank-tops,Regular Fit T-shirt,Black,Gray,Black
Men,t-shirts-tank-tops,Slim-Fit Rib-Knit Polo Shirt,Black,Gray,Black
Men,t-shirts-tank-tops,Loose Fit Printed T-shirt,White,Beige,Beige
Men,t-shirts-tank-tops,Regular-Fit Fine-Knit Polo Shirt,Gray,Beige,White
Men,t-shirts-tank-tops,Loose Fit T-shirt,Beige,Beige,Black
Men,t-shirts-tank-tops,Loose Fit Printed T-shirt,Beige,Navy,White
Men,t-shirts-tank-tops,Oversized Fit T-shirt,Black,Black,Navy
Men,t-shirts-tank-tops,3-pack Slim Fit T-shirts,Navy,White,White
Men,t-shirts-tank-tops,Slim Fit Ribbed Tank Top,Beige,Navy,Gray
Men,t-shirts-tank-tops,Loose Fit T-shirt,Navy,Beige,Black
Men,t-shirts-tank-tops,Loose Fit T-shirt,Gray,White,Navy
Men,t-shirts-tank-tops,Loose Fit Printed T-shirt,Beige,White,Navy
Men,t-shirts-tank-tops,Loose Fit T-shirt,Navy,Beige,Beige
Men,t-shirts-tank-tops,Loose Fit T-shirt,White,White,Gray
Men,t-shirts-tank-tops,Ribbed Henley Tank Top,White,Beige,Black
Men,t-shirts-tank-tops,Slim Fit Pima Cotton T-shirt,Navy,White,Beige
Men,t-shirts-tank-tops,5-pack Regular Fit T-shirts,Beige,Gray,Black
Men,t-shirts-tank-tops,Ribbed Linen-Blend Henley Shirt,White,White,White
Men,t-shirts-tank-tops,Regular-Fit Hole-Knit Polo Shirt,Black,Beige,Beige
Men,t-shirts-tank-tops,Slim-Fit Fine-Knit T-Shirt,Beige,Black,Black
Men,t-shirts-tank-tops,Slim-Fit Rib-Knit Polo Shirt,Gray,White,Gray
Men,t-shirts-tank-tops,Ribbed Linen-Blend Henley Shirt,Beige,Gray,Gray
Men,t-shirts-tank-tops,Slim-Fit Fine-Knit T-Shirt,Navy,Navy,Beige
Men,polos,Regular-Fit Polo Shirt,Beige,White,Beige
Men,polos,Regular-Fit Polo Shirt,Navy,Black,Navy
Men,polos,Regular-Fit Cable-Knit Polo Shirt,White,Beige,Navy
Men,polos,Regular-Fit Polo Shirt,Gray,Gray,Beige
Men,polos,Regular-Fit Cable-Knit Polo Shirt,Gray,Navy,White
Men,polos,Slim Fit Polo Shirt,Navy,Navy,Black
Men,polos,Slim-Fit Rib-Knit Polo Shirt,White,White,Navy
Men,polos,Regular-Fit Fine-Knit Polo Shirt,Beige,Navy,Beige
Men,polos,Regular-Fit Hole-Knit Polo Shirt,Black,Black,Gray
Men,polos,Slim-Fit Rib-Knit Polo Shirt,Gray,Beige,White
Men,polos,Slim Fit Polo Shirt,Navy,White,Navy
Men,polos,Slim Fit Polo Shirt,White,Black,Navy
Men,polos,Regular Fit Piqué Polo Shirt,Beige,Beige,White
Men,polos,Slim-Fit Rib-Knit Polo Shirt,Gray,Navy,Beige
Men,polos,Regular-Fit Cable-Knit Polo Shirt,Gray,Black,White
Men,polos,Regular Fit Piqué Polo Shirt,Navy,Black,White
Men,polos,Regular-Fit Fine-Knit Polo Shirt,Gray,White,Beige
Men,polos,Slim Fit Polo Shirt,Beige,White,Beige
Men,polos,Regular-Fit Cable-Knit Polo Shirt,Black,White,Gray
Men,polos,Slim-Fit Textured Jersey Polo Shirt,Beige,White,Navy
Men,polos,Regular-Fit Hole-Knit Polo Shirt,Navy,Black,Beige
Men,polos,Slim Fit Polo Shirt,White,Gray,Beige
Men,polos,Regular-Fit Hole-Knit Polo Shirt,Navy,White,Beige
Men,polos,Slim Fit Polo Shirt,Beige,Navy,Navy
Men,polos,Regular-Fit Pointelle-Knit Polo Shirt,Black,Navy,Black
Men,polos,3-pack Slim Fit Polo Shirts,Gray,Black,Gray
Men,polos,Regular Fit Piqué Polo Shirt,Navy,Black,Black
Men,polos,Regular Fit Piqué Polo Shirt,Black,Black,Black
Men,polos,Regular-Fit Pointelle-Knit Polo Shirt,Navy,Navy,Black
Men,polos,Slim Fit Polo Shirt,White,Beige,Black
Men,polos,Regular Fit Piqué Polo Shirt,Beige,Beige,Gray
Men,polos,Slim Fit Polo Shirt,Beige,White,White
Men,polos,Regular Fit Ribbed Polo Shirt,Beige,Beige,Black
Men,polos,Slim Fit Cotton Polo Shirt,Beige,Beige,Black
Men,polos,Regular-Fit Hole-Knit Polo Shirt,White,Black,Black
Men,polos,Slim Fit Polo Shirt,Black,Beige,Black
Men,cardigans-sweaters,Slim Fit Fine-Knit Sweater,Black,Gray,Gray
Men,cardigans-sweaters,Slim Fit Fine-Knit Sweater,Black,Beige,White
Men,cardigans-sweaters,Slim Fit Fine-Knit Sweater,White,Black,Navy
Men,cardigans-sweaters,Slim Fit Fine-Knit Sweater,White,Gray,White
Men,cardigans-sweaters,Slim Fit Fine-Knit Sweater,Gray,Gray,Black
Men,cardigans-sweaters,Regular Fit Half-Zip Sweatshirt,Black,Gray,Navy
Men,cardigans-sweaters,Rib-knit polo jumper,Navy,Black,Navy
Men,cardigans-sweaters,Rib-knit polo jumper,Black,Gray,White
Men,cardigans-sweaters,Knit Tank Top,Black,White,Beige
Men,cardigans-sweaters,Slim Fit Waffled Jersey Shirt,Gray,Navy,Black
Men,cardigans-sweaters,Slim Fit Waffled Jersey Shirt,Beige,Black,Beige
Men,cardigans-sweaters,Slim Fit Waffled Jersey Shirt,Black,Beige,White
Men,cardigans-sweaters,Slim Fit Fine-Knit Turtleneck Sweater,Gray,Black,Beige
Men,cardigans-sweaters,Slim Fit Cotton Turtleneck Shirt,Beige,Navy,Gray
Men,cardigans-sweaters,Regular Fit Half-Zip Sweatshirt,Beige,Black,White
Men,cardigans-sweaters,Regular Fit Fine-Knit Polo Shirt,Gray,Gray,White
Men,cardigans-sweaters,Regular-Fit Hole-Knit Cardigan,Beige,Navy,Beige
Men,cardigans-sweaters,Regular-Fit Pointelle-Knit Sweater,Gray,Navy,Gray
Men,cardigans-sweaters,Slim Fit Fine-Knit Turtleneck Sweater,Navy,Gray,Navy
Men,cardigans-sweaters,Regular-Fit Pointelle-Knit Sweater,White,Beige,Black
Men,cardigans-sweaters,Regular-Fit Sweater Vest,Gray,Gray,Black
Men,cardigans-sweaters,Regular-Fit Rolled Edge Sweater,Beige,Navy,Gray
Men,cardigans-sweaters,Regular-Fit Rolled Edge Sweater,Beige,White,Gray
Men,cardigans-sweaters,Slip-Fit Cardigan with Zipper,Black,Navy,Navy
Men,cardigans-sweaters,Slip-Fit Cardigan with Zipper,Gray,White,Gray
Men,cardigans-sweaters,Slim Fit Fine-Knit Turtleneck Sweater,White,Beige,White
Men,cardigans-sweaters,Regular Fit Textured-Knit Sweater,Black,Navy,White
Men,cardigans-sweaters,Slip-Fit Cardigan with Zipper,Navy,Black,Gray
Men,cardigans-sweaters,Regular-Fit Sweater Vest,Black,Beige,Beige
Men,cardigans-sweaters,Regular Fit Fine-Knit Polo Shirt,Beige,White,Beige
Men,cardigans-sweaters,Regular Fit Rib-Knit Cardigan,Gray,Navy,Gray
Men,cardigans-sweaters,Regular Fit Knit Hooded Jacket,White,Beige,Beige
Men,cardigans-sweaters,Slip-Fit Cardigan with Zipper,Beige,Gray,Black
Men,cardigans-sweaters,Regular Fit Knit Hooded Jacket,Beige,White,Gray
Men,cardigans-sweaters,Slim Fit Half-Zip Fine-Knit Sweater,White,Beige,White
Men,cardigans-sweaters,Regular Fit Ribbed Turtleneck Sweater,Gray,Black,White
Men,suits-blazers,Slim Fit Wool-Blend Tuxedo Jacket,Gray,White,Beige
Men,suits-blazers,Slim-Fit Jacket,Gray,Navy,Navy
Men,suits-blazers,Slim-Fit Suit Pants,Beige,Navy,Black
Men,suits-blazers,Slim-Fit Jacket,Black,Gray,Gray
Men,suits-blazers,Slim Fit Single-Breasted Tuxedo Jacket,Gray,Navy,Navy
Men,suits-blazers,Slim Fit Velvet Blazer,Gray,Black,Beige
Men,suits-blazers,Relaxed Fit Satin Pants,Gray,Gray,Black
Men,suits-blazers,Slim Fit Shimmery Jacket,Navy,Navy,Black
Men,suits-blazers,Regular Fit Double-Breasted Blazer,Gray,Black,Gray
Men,suits-blazers,Slim-Fit Suit Pants,White,Black,White
Men,suits-blazers,Slim-Fit Jacket,Black,Black,Black
Men,suits-blazers,Skinny Fit Suit Pants,Gray,Gray,Beige
Men,suits-blazers,Slim-Fit Jacket,White,White,Navy
Men,suits-blazers,Relaxed-Fit Suit Pants,White,Black,Gray
Men,suits-blazers,Slim-Fit Suit Pants,Black,Navy,Gray
Men,suits-blazers,Skinny Fit Single-Breasted Jacket,White,Black,Navy
Men,suits-blazers,Slim Fit Linen Jacket,White,Black,Navy
Men,suits-blazers,Regular-Fit Single-Breasted Jacket,Navy,Navy,Beige
Men,suits-blazers,Slim-Fit Suit Pants,Navy,Black,Navy
Men,suits-blazers,Slim-Fit Jacket,Navy,Gray,Black
Men,suits-blazers,Skinny Fit Single-Breasted Jacket,Gray,Gray,Beige
Men,suits-blazers,Slim-Fit Linen Jacket,Navy,Navy,Black
Men,suits-blazers,Slim-Fit Suit Pants,White,Beige,Black
Men,suits-blazers,Regular Fit Suit Pants,White,Navy,Beige
Men,suits-blazers,Slim-Fit Linen Suit Pants,Gray,Gray,Beige
Men,suits-blazers,Skinny Fit Suit Pants,Black,Gray,White
Men,suits-blazers,Skinny Fit Suit Pants,Navy,Beige,Gray
Men,suits-blazers,Skinny Fit Single-Breasted Jacket,White,Navy,Navy
Men,suits-blazers,Slim-Fit Suit Vest,Navy,Gray,White
Men,suits-blazers,Slim-Fit Linen Suit Pants,White,Navy,Black
Men,suits-blazers,Regular-Fit Double-Breasted Jacket,Navy,White,Beige
Men,suits-blazers,Regular Fit Double-Breasted Jacket,White,Navy,Black
Men,suits-blazers,Regular-Fit Suit Pants,Beige,Black,Black
Men,suits-blazers,Regular-Fit Linen-Blend Suit Pants,Navy,Beige,Gray
Men,suits-blazers,Slim-Fit Suit Pants,Navy,White,Black
Men,suits-blazers,Skinny Fit Single-Breasted Jacket,White,Beige,Black
Men,shorts,Regular Fit Sweatshorts,Beige,White,Beige
Men,shorts,Regular Fit Sweatshorts,Gray,Black,Black
Men,shorts,Regular Fit Sweatshorts,Beige,Beige,Gray
Men,shorts,2-Pack Sports Shorts with DryMove™,Black,Navy,Black
Men,shorts,COOLMAX® Shorts,Beige,Beige,Navy
Men,shorts,Loose Denim Cargo Shorts,Beige,White,Navy
Men,shorts,Cotton Bermuda Shorts,Black,Gray,Beige
Men,shorts,Double-Layered Sports Shorts with DryMove™,Black,Navy,Navy
Men,shorts,Baggy Denim Shorts,Black,Black,White
Men,shorts,Baggy Denim Shorts,Gray,Gray,Gray
Men,shorts,Regular Fit Linen-Blend Shorts,White,Beige,White
Men,shorts,Baggy Denim Shorts,White,Navy,White
Men,shorts,Relaxed Fit Denim Shorts,Gray,Gray,White
Men,shorts,Regular Fit Linen-Blend Shorts,Beige,Gray,White
Men,shorts,Regular-Fit Linen Shorts,Black,Gray,Navy
Men,shorts,Regular Fit Linen-Blend Shorts,Black,Beige,White
Men,shorts,Regular Fit Sweatshorts,Navy,Navy,Gray
Men,shorts,Regular Fit Chino Shorts,Beige,Beige,White
Men,shorts,Regular-Fit Linen Shorts,Gray,Navy,White
Men,shorts,Regular Fit Chino Shorts,Beige,Beige,Beige
Men,shorts,Regular Fit Sweatshorts,Black,Beige,Navy
Men,shorts,Regular Fit Linen-Blend Shorts,Navy,Beige,Gray
Men,shorts,Regular-Fit Canvas Shorts,Navy,Beige,White
Men,shorts,Regular Fit Chino Shorts,Beige,White,Navy
Men,shorts,COOLMAX® Shorts,Black,Gray,White
Men,shorts,Relaxed-Fit Cargo Shorts,White,Navy,Black
Men,shorts,Regular-Fit Creased Shorts,White,Navy,Beige
Men,shorts,Regular-Fit Canvas Shorts,Gray,Beige,Beige
Men,shorts,Regular-Fit Cargo Shorts,Black,Beige,White
Men,shorts,COOLMAX® Shorts,Gray,Black,Gray
Men,shorts,Regular Fit Sweatshorts,Navy,Black,Beige
Men,shorts,Relaxed Fit Twill bermuda shorts,Beige,Beige,White
Men,shorts,Relaxed-Fit Cargo Shorts,White,Beige,Gray
Men,shorts,Long Sports Cargo Shorts,Black,Gray,Beige
Men,shorts,Short Sports Shorts,White,Gray,White
Men,shorts,Regular-Fit Linen Shorts,Black,White,Gray
Men,nightwear-loungewear,2-pack Regular Fit Jersey joggers,Navy,Black,Beige
Men,nightwear-loungewear,Relaxed-Fit Lyocell Pants,Beige,Beige,Navy
Men,nightwear-loungewear,Slim-Fit Lyocell Tank Top with Lycra®,Beige,White,White
Men,nightwear-loungewear,Pajama Shorts,Navy,White,Gray
Men,nightwear-loungewear,Jersey Pajama T-Shirt and Shorts,Gray,Beige,Navy
Men,nightwear-loungewear,Pajama Shorts,Gray,White,Beige
Men,nightwear-loungewear,Relaxed-Fit Lyocell Pants,Navy,White,Beige
Men,nightwear-loungewear,Relaxed-Fit Poplin Pants,Navy,White,Navy
Men,nightwear-loungewear,Jersey Pajama T-Shirt and Shorts,Navy,White,Gray
Men,nightwear-loungewear,Terry Bathrobe,Gray,Black,White
Men,nightwear-loungewear,2-pack Relaxed Fit Poplin Pants,Beige,Navy,Black
Men,nightwear-loungewear,Cotton Pajama Shirt and Pants,White,Gray,Beige
Men,nightwear-loungewear,Relaxed-Fit Poplin Pants,Beige,Black,White
Men,nightwear-loungewear,2-pack Pajama Pants,White,Navy,Beige
Men,nightwear-loungewear,Pajama T-Shirt and Pants Set,Beige,Beige,White
Men,nightwear-loungewear,Pajama T-Shirt and Shorts,Gray,Black,Gray
Men,nightwear-loungewear,Pajama Shirt and Pants,Black,Black,Beige
Men,nightwear-loungewear,Long-Sleeved Pajama Shirt,Black,White,Black
Men,nightwear-loungewear,Pajama Tank Top and Shorts,Navy,Gray,Black
Men,nightwear-loungewear,Cotton Pajama Shirt and Pants,Gray,Beige,White
Men,nightwear-loungewear,Long-Sleeved Pajama Shirt,Navy,Black,White
Men,nightwear-loungewear,Pajama Tank Top and Shorts,Beige,Gray,Gray
Men,nightwear-loungewear,Pyjama vest top and bottoms,White,White,Navy
Men,nightwear-loungewear,THERMOLITE® Regular Fit Tank Top,Navy,White,Beige
Men,nightwear-loungewear,Relaxed-Fit Poplin Pants,Navy,Navy,Black
Men,nightwear-loungewear,Jersey Pajama T-Shirt and Shorts,Gray,Black,Black
Men,nightwear-loungewear,2-pack Regular Fit Pajama Pants,Navy,Navy,Gray
Men,nightwear-loungewear,2-pack Regular Fit Jersey joggers,Black,Black,Black
Men,nightwear-loungewear,Relaxed Fit Cotton Jersey Pajamas,White,Navy,White
Men,nightwear-loungewear,Pajamas,Beige,Beige,Gray
Men,nightwear-loungewear,Pajamas,Gray,White,Gray
Men,nightwear-loungewear,THERMOLITE® Regular Fit Tank Top,White,White,Gray
Men,nightwear-loungewear,Lyocell-Blend Pajama Pants,White,White,White
Men,nightwear-loungewear,Pajama T-Shirt and Shorts,Beige,Navy,Gray
Men,nightwear-loungewear,Flannel Pajama Pants,White,Navy,White
Men,nightwear-loungewear,Pajama T-Shirt and Shorts,Navy,White,Beige
